,caseID,prime_lesion_label,SignedCriticalVolume,UnsignedCriticalVolume,TotalVolume,Alarm_index,MLS
0,CONT1,4,2.677342255,2.677342255,2.816241341,0,0
0,CONT2,9,1.480865479,1.480865479,1.905822754,0,2.03
0,CONT3,12,8.982290235,62.5945008,71.29040621,0,2.415
0,CONT4,13,14.07499201,14.56054585,186.4235423,3,2.402
0,CONT5,12,126.3809125,137.6047784,148.1155133,0,12.56
0,CONT6,13,56.71005249,56.71005249,64.22042847,0,0
0,CONT7,15,49.88139916,49.88139916,49.88139916,0,5.698
0,tutorial3,1,71.284,71.284,71.284,0,11.33