,caseID,V_OEDEMA,V_EDH,V_SDH,V_SAH,V_CONT,V_PNEU,MLS
0,CONT1,0,2.355462338,0.321879917,0,0,0,0
0,CONT2,0,0,0,1.480865479,0,0,0.9
0,CONT3,5.084544189,0,1.124909896,0,2.613868301,0,2.415
0,CONT4,-9.620035503,0,0,4.0531607,5.70282988,0,1.763
0,CONT5,53.42124146,0,0,0.38381897,79.26997284,0,12.56
0,CONT6,45.54367065,0,1.630401611,3.05557251,7.833862305,2.28729248,0
0,CONT7,11.02,0,0,0,38.751343,0,5.698
0,TUT3,0,0,0,0,71.284,0,11.33