,caseID,prime_lesion_label,SignedCriticalVolume,UnsignedCriticalVolume,TotalVolume,Alarm_index,MLS
0,EDH1,4,99.45625243,99.45625243,99.45625243,0,15.09
0,EDH2,13,21.40191049,23.30287241,60.84068233,1,0.94
0,EDH3,4,0.831551806,0.831551806,15.86506802,1,0
0,EDH4,13,2.887732315,2.887732315,25.58019081,2,1.674
0,EDH5,4,0.208251891,43.51967194,44.02693625,0,0
0,EDH6,4,0.350613041,0.350613041,16.00969431,1,0
0,EDH7,4,75.03627239,75.03627239,75.08284807,0,14.38
0,EDH8,4,60.87670795,60.87670795,60.87670795,0,4.6
0,EDH9,3,193.7089459,214.0126523,224.7474383,1,21.66